<?xml version="1.0" encoding="UTF-8"?>
<project-private xmlns="http://www.netbeans.org/ns/project-private/1">
    <editor-bookmarks xmlns="http://www.netbeans.org/ns/editor-bookmarks/2" lastBookmarkId="0"/>
    <open-files xmlns="http://www.netbeans.org/ns/projectui-open-files/2">
        <group>
            <file>file:/D:/PBO%20PROJECTS/Penjualan_Java/src/penjualan_java/frmTransaksi.java</file>
            <file>file:/D:/PBO%20PROJECTS/Penjualan_Java/src/penjualan_java/frmMenu.java</file>
            <file>file:/D:/PBO%20PROJECTS/Penjualan_Java/src/penjualan_java/ExportToExcel.java</file>
            <file>file:/D:/PBO%20PROJECTS/Penjualan_Java/src/penjualan_java/frmBrg.java</file>
            <file>file:/D:/PBO%20PROJECTS/Penjualan_Java/src/penjualan_java/frmLogin.java</file>
            <file>file:/D:/PBO%20PROJECTS/Penjualan_Java/src/penjualan_java/frmBcpData.java</file>
            <file>file:/D:/PBO%20PROJECTS/Penjualan_Java/src/penjualan_java/LapPenjualan.java</file>
        </group>
    </open-files>
</project-private>
